InvoiceNo  ,UnitPrice,OrderValue,Quantit,Country,InvoiceDate,Major Category,Minor Category,day,month,year,Hour,OrderTimeOfDay
549185,0.85,10.2,12,United Kingdom   ,2011-07-04,    Clothes  ,          Tops,4,7,2011,9,Morning
576381,2.95,35.4,12,United Kingdom   ,2011-11-15,    Clothes  ,         Shoes,15,11,2011,9,Morning
551192,1.25,20.0,16,United Kingdom   ,2011-04-27,    Kitchen  ,       Cutlery,27,4,2011,10,Morning
573553,7.46,7.46,1,United Kingdom   ,2011-10-31,     Garden  ,          Turf,31,10,2011,13,Afternoon
539436,2.51,2.51,1,United Kingdom   ,2010-12-17,     Garden  ,         Hoses,17,12,2010,14,Afternoon
580893,3.95,3.95,1,United Kingdom   ,2011-06-12,     Garden  ,         Hoses,12,6,2011,12,Afternoon
568321,2.1,12.6,6,United Kingdom   ,2011-09-26,    Clothes  ,          Hats,26,9,2011,13,Afternoon
552949,4.95,29.7,6,United Kingdom   ,2011-12-05,    Clothes  ,          Tops,5,12,2011,12,Afternoon
567461,2.46,44.28,18,United Kingdom   ,2011-09-20,  Household  ,      Curtains,20,9,2011,12,Afternoon
542121,1.69,3.38,2,United Kingdom   ,2011-01-25,  Household  ,         Lamps,25,1,2011,14,Afternoon
566913,0.39,1.56,4,United Kingdom   ,2011-09-15,    Kitchen  ,Cooking Knives,15,9,2011,14,Afternoon
550477,0.55,0.55,1,United Kingdom   ,2011-04-18,  Household  ,         Lamps,18,4,2011,14,Afternoon
538663,12.75,25.5,2,United Kingdom   ,2010-12-13,  Household  ,          Rugs,13,12,2010,15,Afternoon
570715,1.25,30.0,24,United Kingdom   ,2011-12-10,  Household  ,        Chairs,10,12,2011,10,Morning
549299,1.65,16.5,10,United Kingdom   ,2011-08-04,    Clothes  ,         Shoes,4,8,2011,8,Morning
559902,1.65,1.65,1,United Kingdom   ,2011-07-13,    Kitchen  ,      Coasters,13,7,2011,13,Afternoon
537369,4.25,4.25,1,United Kingdom   ,2010-06-12,    Clothes  ,          Tops,12,6,2010,12,Afternoon
564353,2.1,25.2,12,United Kingdom   ,2011-08-24,    Kitchen  ,        Scales,24,8,2011,15,Afternoon
562455,4.25,25.5,6,United Kingdom   ,2011-05-08,  Household  ,          Rugs,8,5,2011,10,Morning
539451,1.28,1.28,1,United Kingdom   ,2010-12-17,    Clothes  ,         Shoes,17,12,2010,16,Evening
537057,2.95,2.95,1,United Kingdom   ,2010-05-12,  Household  ,          Rugs,12,5,2010,11,Morning
549568,1.45,34.8,24,United Kingdom   ,2011-10-04,    Clothes  ,          Hats,4,10,2011,15,Afternoon
564758,3.29,3.29,1,United Kingdom   ,2011-08-30,    Clothes  ,         Shoes,30,8,2011,10,Morning
541424,2.46,2.46,1,United Kingdom   ,2011-01-17,  Household  ,        Chairs,17,1,2011,17,Evening
559000,4.95,9.9,2,United Kingdom   ,2011-05-07,  Household  ,      Curtains,7,5,2011,12,Afternoon
550438,1.25,15.0,12,United Kingdom   ,2011-04-18,    Kitchen  ,Cooking Knives,18,4,2011,12,Afternoon
549556,2.55,10.2,4,United Kingdom   ,2011-10-04,    Clothes  ,         Shoes,4,10,2011,12,Afternoon
550474,0.83,0.83,1,United Kingdom   ,2011-04-18,    Kitchen  ,       Cutlery,18,4,2011,13,Afternoon
559317,7.95,7.95,1,United Kingdom   ,2011-07-07,    Clothes  ,          Hats,7,7,2011,14,Afternoon
545906,2.1,12.6,6,United Kingdom   ,2011-08-03,    Kitchen  ,        Plates,3,8,2011,9,Morning
575944,0.21,6.3,30,United Kingdom   ,2011-11-13,  Household  ,        Chairs,13,11,2011,11,Morning
545797,2.95,2.95,1,United Kingdom   ,2011-07-03,    Kitchen  ,        Plates,3,7,2011,12,Afternoon
540349,1.65,19.8,12,United Kingdom   ,2011-06-01,    Clothes  ,          Hats,1,6,2011,14,Afternoon
551174,3.29,3.29,1,United Kingdom   ,2011-04-26,     Garden  ,         Seeds,26,4,2011,17,Evening
541592,1.63,9.78,6,United Kingdom   ,2011-01-19,  Household  ,      Curtains,19,1,2011,15,Afternoon
536769,1.25,25.0,20,United Kingdom   ,2010-02-12,    Clothes  ,          Hats,12,2,2010,14,Afternoon
581166,2.95,2.95,1,United Kingdom   ,2011-07-12,    Kitchen  ,       Cutlery,12,7,2011,14,Afternoon
548978,7.95,15.9,2,United Kingdom   ,2011-05-04,     Garden  ,          Turf,4,5,2011,12,Afternoon
558315,1.65,19.8,12,United Kingdom   ,2011-06-28,     Garden  ,         Hoses,28,6,2011,11,Morning
546009,4.25,4.25,1,United Kingdom   ,2011-08-03,    Kitchen  ,      Coasters,3,8,2011,15,Afternoon
542835,0.29,6.96,24,United Kingdom   ,2011-01-02,     Garden  ,         Hoses,2,1,2011,11,Morning
558315,7.95,15.9,2,United Kingdom   ,2011-06-28,    Clothes  ,          Tops,28,6,2011,11,Morning
541695,8.29,8.29,1,United Kingdom   ,2011-01-20,     Garden  ,          Turf,20,1,2011,18,Evening
551824,1.25,15.0,12,United Kingdom   ,2011-04-05,  Household  ,      Curtains,5,4,2011,12,Afternoon
553869,2.08,20.8,10,United Kingdom   ,2011-05-19,  Household  ,      Curtains,19,5,2011,14,Afternoon
566602,0.83,0.83,1,United Kingdom   ,2011-09-13,    Kitchen  ,      Coasters,13,9,2011,16,Evening
575647,1.65,9.9,6,United Kingdom   ,2011-10-11,    Kitchen  ,       Cutlery,11,10,2011,14,Afternoon
572513,1.45,2.9,2,United Kingdom   ,2011-10-24,  Household  ,         Lamps,24,10,2011,14,Afternoon
542890,2.95,11.8,4,United Kingdom   ,2011-01-02,  Household  ,         Lamps,2,1,2011,13,Afternoon
547883,0.55,13.2,24,United Kingdom   ,2011-03-28,     Garden  ,         Rakes,28,3,2011,8,Morning
560264,2.95,17.7,6,United Kingdom   ,2011-07-17,  Household  ,        Chairs,17,7,2011,13,Afternoon
539437,5.91,23.64,4,United Kingdom   ,2010-12-17,    Kitchen  ,        Plates,17,12,2010,14,Afternoon
555278,4.13,4.13,1,United Kingdom   ,2011-01-06,    Kitchen  ,       Cutlery,6,1,2011,17,Evening
581492,7.46,7.46,1,United Kingdom   ,2011-09-12,     Garden  ,         Rakes,12,9,2011,10,Morning
568142,3.95,3.95,1,United Kingdom   ,2011-09-25,     Garden  ,         Rakes,25,9,2011,11,Morning
545764,2.95,70.8,24,United Kingdom   ,2011-07-03,    Clothes  ,          Hats,3,7,2011,12,Afternoon
581015,1.95,15.6,8,United Kingdom   ,2011-07-12,    Kitchen  ,        Plates,12,7,2011,9,Morning
537397,2.1,25.2,12,United Kingdom   ,2010-06-12,    Kitchen  ,      Coasters,12,6,2010,14,Afternoon
543546,5.79,5.79,1,United Kingdom   ,2011-09-02,    Kitchen  ,        Scales,2,9,2011,16,Evening
567662,2.08,8.32,4,United Kingdom   ,2011-09-21,    Kitchen  ,Cooking Knives,21,9,2011,15,Afternoon
574706,3.75,15.0,4,United Kingdom   ,2011-06-11,     Garden  ,         Rakes,11,6,2011,14,Afternoon
543815,1.65,3.3,2,United Kingdom   ,2011-02-13,  Household  ,      Curtains,13,2,2011,15,Afternoon
547987,0.85,8.5,10,United Kingdom   ,2011-03-29,    Clothes  ,         Shoes,29,3,2011,9,Morning
575647,4.95,59.4,12,United Kingdom   ,2011-10-11,  Household  ,      Curtains,11,10,2011,14,Afternoon
551197,2.25,2.25,1,United Kingdom   ,2011-04-27,    Kitchen  ,       Cutlery,27,4,2011,11,Morning
577078,0.83,7.47,9,United Kingdom   ,2011-11-17,    Kitchen  ,        Scales,17,11,2011,15,Afternoon
538349,0.85,1.7,2,United Kingdom   ,2010-10-12,  Household  ,         Lamps,12,10,2010,14,Afternoon
567668,14.96,14.96,1,United Kingdom   ,2011-09-21,  Household  ,         Lamps,21,9,2011,15,Afternoon
581471,8.5,8.5,1,United Kingdom   ,2011-08-12,  Household  ,      Curtains,12,8,2011,19,Evening
537144,2.95,8.85,3,United Kingdom   ,2010-05-12,  Household  ,      Curtains,12,5,2010,13,Afternoon
552677,8.29,8.29,1,United Kingdom   ,2011-10-05,    Clothes  ,         Shoes,5,10,2011,15,Afternoon
547223,1.65,9.9,6,United Kingdom   ,2011-03-21,    Kitchen  ,        Scales,21,3,2011,15,Afternoon
580865,2.08,2.08,1,United Kingdom   ,2011-06-12,    Clothes  ,          Tops,12,6,2011,11,Morning
561693,1.45,17.4,12,United Kingdom   ,2011-07-29,  Household  ,         Lamps,29,7,2011,9,Morning
547886,4.25,12.75,3,United Kingdom   ,2011-03-28,    Clothes  ,          Tops,28,3,2011,9,Morning
579508,5.79,5.79,1,United Kingdom   ,2011-11-29,     Garden  ,         Seeds,29,11,2011,16,Evening
560224,2.08,4.16,2,United Kingdom   ,2011-07-15,    Kitchen  ,        Scales,15,7,2011,16,Evening
565234,5.79,52.11,9,United Kingdom   ,2011-02-09,     Garden  ,         Hoses,9,2,2011,9,Morning
557645,1.63,1.63,1,United Kingdom   ,2011-06-21,    Clothes  ,         Shoes,21,6,2011,17,Evening
552560,2.08,20.8,10,United Kingdom   ,2011-10-05,  Household  ,      Curtains,5,10,2011,11,Morning
536638,4.25,17.0,4,United Kingdom   ,2010-02-12,    Clothes  ,         Shoes,12,2,2010,11,Morning
572023,0.85,0.85,1,United Kingdom   ,2011-10-20,    Clothes  ,         Shoes,20,10,2011,11,Morning
545661,0.42,10.5,25,United Kingdom   ,2011-04-03,  Household  ,          Rugs,3,4,2011,14,Afternoon
542401,1.65,4.95,3,United Kingdom   ,2011-01-27,  Household  ,          Rugs,27,1,2011,15,Afternoon
537240,3.36,23.52,7,United Kingdom   ,2010-06-12,    Kitchen  ,      Coasters,12,6,2010,10,Morning
557281,2.55,10.2,4,United Kingdom   ,2011-06-19,  Household  ,          Rugs,19,6,2011,12,Afternoon
567183,2.89,5.78,2,United Kingdom   ,2011-09-18,    Kitchen  ,        Plates,18,9,2011,15,Afternoon
578998,1.25,1.25,1,United Kingdom   ,2011-11-27,    Clothes  ,          Tops,27,11,2011,16,Evening
556812,10.79,10.79,1,United Kingdom   ,2011-06-14,  Household  ,         Lamps,14,6,2011,17,Evening
565233,2.46,2.46,1,United Kingdom   ,2011-02-09,     Garden  ,          Turf,9,2,2011,9,Morning
580983,3.29,3.29,1,United Kingdom   ,2011-06-12,     Garden  ,         Seeds,12,6,2011,16,Evening
558810,4.13,20.65,5,United Kingdom   ,2011-04-07,     Garden  ,         Seeds,7,4,2011,11,Morning
556441,1.65,6.6,4,United Kingdom   ,2011-10-06,    Clothes  ,         Shoes,6,10,2011,15,Afternoon
544065,0.75,9.0,12,United Kingdom   ,2011-02-15,    Clothes  ,         Shoes,15,2,2011,13,Afternoon
580908,1.95,1.95,1,United Kingdom   ,2011-06-12,     Garden  ,          Turf,12,6,2011,13,Afternoon
545085,7.95,7.95,1,United Kingdom   ,2011-02-28,     Garden  ,         Seeds,28,2,2011,11,Morning
580877,1.25,1.25,1,United Kingdom   ,2011-06-12,     Garden  ,         Rakes,12,6,2011,12,Afternoon
581439,2.46,7.38,3,United Kingdom   ,2011-08-12,     Garden  ,          Turf,12,8,2011,16,Evening
572321,0.62,7.44,12,United Kingdom   ,2011-10-24,  Household  ,          Rugs,24,10,2011,8,Morning
573543,4.95,4.95,1,United Kingdom   ,2011-10-31,    Clothes  ,          Tops,31,10,2011,13,Afternoon
578270,2.46,22.14,9,United Kingdom   ,2011-11-23,  Household  ,      Curtains,23,11,2011,13,Afternoon
563692,4.95,9.9,2,United Kingdom   ,2011-08-18,    Clothes  ,          Tops,18,8,2011,13,Afternoon
562727,3.75,15.0,4,United Kingdom   ,2011-09-08,     Garden  ,         Hoses,8,9,2011,9,Morning
570288,2.1,6.3,3,United Kingdom   ,2011-10-10,  Household  ,          Rugs,10,10,2011,11,Morning
541421,7.46,7.46,1,United Kingdom   ,2011-01-17,     Garden  ,          Turf,17,1,2011,17,Evening
554788,7.95,15.9,2,United Kingdom   ,2011-05-26,    Clothes  ,          Tops,26,5,2011,12,Afternoon
579089,0.29,0.29,1,United Kingdom   ,2011-11-28,    Kitchen  ,        Plates,28,11,2011,10,Morning
543645,1.65,4.95,3,United Kingdom   ,2011-10-02,     Garden  ,         Rakes,2,10,2011,17,Evening
565441,0.65,3.9,6,United Kingdom   ,2011-04-09,     Garden  ,          Turf,9,4,2011,14,Afternoon
556107,0.42,10.5,25,United Kingdom   ,2011-08-06,     Garden  ,         Rakes,6,8,2011,17,Evening
561231,1.95,5.85,3,United Kingdom   ,2011-07-26,    Clothes  ,         Shoes,26,7,2011,10,Morning
549714,1.25,1.25,1,United Kingdom   ,2011-11-04,    Clothes  ,         Shoes,4,11,2011,14,Afternoon
559784,2.08,20.8,10,United Kingdom   ,2011-12-07,    Kitchen  ,         Bowls,7,12,2011,12,Afternoon
537154,3.25,26.0,8,United Kingdom   ,2010-05-12,    Kitchen  ,        Plates,12,5,2010,13,Afternoon
568134,0.83,0.83,1,United Kingdom   ,2011-09-23,     Garden  ,          Turf,23,9,2011,17,Evening
575607,1.63,1.63,1,United Kingdom   ,2011-10-11,     Garden  ,         Hoses,11,10,2011,12,Afternoon
554839,4.95,29.7,6,United Kingdom   ,2011-05-26,    Clothes  ,          Hats,26,5,2011,17,Evening
543256,1.25,7.5,6,United Kingdom   ,2011-04-02,     Garden  ,         Rakes,2,4,2011,15,Afternoon
575587,0.79,9.48,12,United Kingdom   ,2011-10-11,    Kitchen  ,Cooking Knives,11,10,2011,12,Afternoon
565350,1.25,3.75,3,United Kingdom   ,2011-02-09,    Kitchen  ,         Bowls,9,2,2011,14,Afternoon
570187,3.29,3.29,1,United Kingdom   ,2011-07-10,    Clothes  ,         Shoes,10,7,2011,15,Afternoon
576618,10.79,10.79,1,United Kingdom   ,2011-11-15,    Clothes  ,          Tops,15,11,2011,17,Evening
539215,3.75,3.75,1,United Kingdom   ,2010-12-16,    Kitchen  ,      Coasters,16,12,2010,12,Afternoon
575491,1.25,3.75,3,United Kingdom   ,2011-09-11,  Household  ,      Curtains,11,9,2011,17,Evening
575410,1.25,15.0,12,United Kingdom   ,2011-09-11,    Clothes  ,          Tops,11,9,2011,15,Afternoon
569225,1.45,2.9,2,United Kingdom   ,2011-02-10,     Garden  ,          Turf,10,2,2011,14,Afternoon
541221,2.46,4.92,2,United Kingdom   ,2011-01-14,    Kitchen  ,        Plates,14,1,2011,14,Afternoon
573415,4.95,9.9,2,United Kingdom   ,2011-10-30,  Household  ,          Rugs,30,10,2011,16,Evening
574856,4.13,4.13,1,United Kingdom   ,2011-07-11,    Clothes  ,         Shoes,11,7,2011,12,Afternoon
581112,2.08,24.96,12,United Kingdom   ,2011-07-12,    Clothes  ,          Hats,12,7,2011,12,Afternoon
565396,2.46,2.46,1,United Kingdom   ,2011-02-09,    Clothes  ,          Tops,9,2,2011,16,Evening
545580,0.55,13.2,24,United Kingdom   ,2011-04-03,     Garden  ,         Seeds,3,4,2011,8,Morning
562085,1.45,34.8,24,United Kingdom   ,2011-02-08,    Kitchen  ,        Plates,8,2,2011,12,Afternoon
559505,2.95,35.4,12,United Kingdom   ,2011-08-07,    Clothes  ,         Shoes,7,8,2011,15,Afternoon
539453,25.49,25.49,1,United Kingdom   ,2010-12-17,    Kitchen  ,        Plates,17,12,2010,17,Evening
579142,0.85,2.55,3,United Kingdom   ,2011-11-28,    Clothes  ,          Tops,28,11,2011,13,Afternoon
548309,1.65,1.65,1,United Kingdom   ,2011-03-30,     Garden  ,         Seeds,30,3,2011,12,Afternoon
540703,0.42,10.5,25,United Kingdom   ,2011-11-01,  Household  ,      Curtains,1,11,2011,9,Morning
546913,2.95,2.95,1,United Kingdom   ,2011-03-17,    Clothes  ,          Tops,17,3,2011,20,Evening
550834,4.25,4.25,1,United Kingdom   ,2011-04-21,     Garden  ,          Turf,21,4,2011,10,Morning
581167,2.08,20.8,10,United Kingdom   ,2011-07-12,  Household  ,        Chairs,12,7,2011,14,Afternoon
547655,1.25,15.0,12,United Kingdom   ,2011-03-24,  Household  ,      Curtains,24,3,2011,12,Afternoon
567333,0.39,9.36,24,United Kingdom   ,2011-09-19,  Household  ,          Rugs,19,9,2011,14,Afternoon
550211,4.13,4.13,1,United Kingdom   ,2011-04-15,  Household  ,      Curtains,15,4,2011,10,Morning
564223,4.95,14.85,3,United Kingdom   ,2011-08-24,    Kitchen  ,       Cutlery,24,8,2011,9,Morning
563333,2.95,11.8,4,United Kingdom   ,2011-08-15,  Household  ,         Lamps,15,8,2011,13,Afternoon
577058,0.83,0.83,1,United Kingdom   ,2011-11-17,  Household  ,        Chairs,17,11,2011,14,Afternoon
541282,1.25,7.5,6,United Kingdom   ,2011-01-17,    Clothes  ,          Tops,17,1,2011,12,Afternoon
580771,0.79,3.16,4,United Kingdom   ,2011-06-12,  Household  ,         Lamps,12,6,2011,10,Morning
554538,19.95,39.9,2,United Kingdom   ,2011-05-24,    Clothes  ,          Hats,24,5,2011,17,Evening
562851,1.65,19.8,12,United Kingdom   ,2011-10-08,    Kitchen  ,        Scales,8,10,2011,10,Morning
559338,0.83,1.66,2,United Kingdom   ,2011-07-07,  Household  ,         Lamps,7,7,2011,16,Evening
578072,2.49,4.98,2,United Kingdom   ,2011-11-22,  Household  ,      Curtains,22,11,2011,16,Evening
556734,5.95,17.85,3,United Kingdom   ,2011-06-14,     Garden  ,         Seeds,14,6,2011,12,Afternoon
557476,4.95,39.6,8,United Kingdom   ,2011-06-20,    Kitchen  ,        Plates,20,6,2011,13,Afternoon
539739,1.66,6.64,4,United Kingdom   ,2010-12-21,  Household  ,         Lamps,21,12,2010,15,Afternoon
581023,7.46,29.84,4,United Kingdom   ,2011-07-12,    Clothes  ,         Shoes,12,7,2011,10,Morning
579508,3.29,3.29,1,United Kingdom   ,2011-11-29,     Garden  ,         Seeds,29,11,2011,16,Evening
575176,0.42,0.84,2,United Kingdom   ,2011-08-11,    Clothes  ,         Shoes,11,8,2011,18,Evening
573876,0.55,1.1,2,United Kingdom   ,2011-01-11,  Household  ,      Curtains,11,1,2011,12,Afternoon
536409,4.95,4.95,1,United Kingdom   ,2010-01-12,    Kitchen  ,        Scales,12,1,2010,11,Morning
569220,1.25,2.5,2,United Kingdom   ,2011-02-10,     Garden  ,          Turf,10,2,2011,13,Afternoon
547947,1.65,16.5,10,United Kingdom   ,2011-03-28,  Household  ,         Lamps,28,3,2011,15,Afternoon
557311,4.25,8.5,2,United Kingdom   ,2011-06-19,    Kitchen  ,        Plates,19,6,2011,15,Afternoon
551718,1.63,1.63,1,United Kingdom   ,2011-03-05,  Household  ,      Curtains,5,3,2011,16,Evening
557502,2.46,2.46,1,United Kingdom   ,2011-06-20,  Household  ,          Rugs,20,6,2011,15,Afternoon
578935,1.45,1.45,1,United Kingdom   ,2011-11-27,    Clothes  ,         Shoes,27,11,2011,12,Afternoon
546100,0.85,10.2,12,United Kingdom   ,2011-09-03,    Clothes  ,         Shoes,3,9,2011,12,Afternoon
550208,12.46,12.46,1,United Kingdom   ,2011-04-15,     Garden  ,         Seeds,15,4,2011,10,Morning
575073,7.95,31.8,4,United Kingdom   ,2011-08-11,    Kitchen  ,        Scales,11,8,2011,13,Afternoon
577078,4.13,4.13,1,United Kingdom   ,2011-11-17,    Clothes  ,          Tops,17,11,2011,15,Afternoon
569790,1.25,1.25,1,United Kingdom   ,2011-06-10,    Clothes  ,          Tops,10,6,2011,11,Morning
579103,1.45,1.45,1,United Kingdom   ,2011-11-28,     Garden  ,         Seeds,28,11,2011,11,Morning
559991,4.95,4.95,1,United Kingdom   ,2011-07-14,    Kitchen  ,         Bowls,14,7,2011,12,Afternoon
558370,0.85,10.2,12,United Kingdom   ,2011-06-28,     Garden  ,          Turf,28,6,2011,15,Afternoon
578251,0.85,5.95,7,United Kingdom   ,2011-11-23,    Kitchen  ,         Bowls,23,11,2011,12,Afternoon
578533,2.55,15.3,6,United Kingdom   ,2011-11-24,    Kitchen  ,        Plates,24,11,2011,14,Afternoon
571502,1.65,16.5,10,United Kingdom   ,2011-10-17,     Garden  ,         Seeds,17,10,2011,15,Afternoon
571121,4.95,44.55,9,United Kingdom   ,2011-10-14,    Kitchen  ,Cooking Knives,14,10,2011,9,Morning
541215,4.95,29.7,6,United Kingdom   ,2011-01-14,    Clothes  ,          Hats,14,1,2011,13,Afternoon
566561,3.75,15.0,4,United Kingdom   ,2011-09-13,    Kitchen  ,        Scales,13,9,2011,12,Afternoon
573923,1.25,25.0,20,United Kingdom   ,2011-02-11,     Garden  ,         Hoses,11,2,2011,9,Morning
578263,0.79,15.8,20,United Kingdom   ,2011-11-23,  Household  ,        Chairs,23,11,2011,13,Afternoon
566279,0.38,1.52,4,United Kingdom   ,2011-11-09,  Household  ,         Lamps,9,11,2011,14,Afternoon
578032,1.65,19.8,12,United Kingdom   ,2011-11-22,  Household  ,      Curtains,22,11,2011,13,Afternoon
549241,1.65,3.3,2,United Kingdom   ,2011-07-04,     Garden  ,         Rakes,4,7,2011,11,Morning
560824,0.55,1.65,3,United Kingdom   ,2011-07-21,    Clothes  ,         Shoes,21,7,2011,11,Morning
577504,0.42,0.84,2,United Kingdom   ,2011-11-20,    Kitchen  ,       Cutlery,20,11,2011,12,Afternoon
568591,2.08,20.8,10,United Kingdom   ,2011-09-28,    Clothes  ,          Hats,28,9,2011,10,Morning
556959,2.95,17.7,6,United Kingdom   ,2011-06-16,    Kitchen  ,         Bowls,16,6,2011,9,Morning
567668,1.63,4.89,3,United Kingdom   ,2011-09-21,    Clothes  ,         Shoes,21,9,2011,15,Afternoon
540821,2.51,2.51,1,United Kingdom   ,2011-11-01,     Garden  ,          Turf,1,11,2011,13,Afternoon
561195,2.08,4.16,2,United Kingdom   ,2011-07-25,  Household  ,          Rugs,25,7,2011,13,Afternoon
538852,2.55,2.55,1,United Kingdom   ,2010-12-14,  Household  ,      Curtains,14,12,2010,13,Afternoon
563580,9.95,9.95,1,United Kingdom   ,2011-08-17,    Kitchen  ,       Cutlery,17,8,2011,15,Afternoon
568701,1.65,19.8,12,United Kingdom   ,2011-09-28,    Clothes  ,          Tops,28,9,2011,15,Afternoon
576329,8.29,8.29,1,United Kingdom   ,2011-11-14,     Garden  ,         Hoses,14,11,2011,15,Afternoon
543530,5.79,34.74,6,United Kingdom   ,2011-09-02,     Garden  ,         Seeds,2,9,2011,12,Afternoon
554598,1.45,1.45,1,United Kingdom   ,2011-05-25,    Clothes  ,         Shoes,25,5,2011,11,Morning
552310,2.08,4.16,2,United Kingdom   ,2011-08-05,  Household  ,         Lamps,5,8,2011,15,Afternoon
581434,3.75,22.5,6,United Kingdom   ,2011-08-12,    Kitchen  ,         Bowls,12,8,2011,16,Evening
550901,1.69,13.52,8,United Kingdom   ,2011-04-21,  Household  ,          Rugs,21,4,2011,12,Afternoon
553507,1.25,2.5,2,United Kingdom   ,2011-05-17,    Clothes  ,         Shoes,17,5,2011,13,Afternoon
578427,3.75,11.25,3,United Kingdom   ,2011-11-24,    Kitchen  ,        Plates,24,11,2011,12,Afternoon
543826,0.42,0.84,2,United Kingdom   ,2011-02-14,     Garden  ,          Turf,14,2,2011,9,Morning
579694,4.96,9.92,2,United Kingdom   ,2011-11-30,    Clothes  ,          Tops,30,11,2011,14,Afternoon
538071,4.24,4.24,1,United Kingdom   ,2010-09-12,     Garden  ,         Hoses,12,9,2010,14,Afternoon
571200,1.65,19.8,12,United Kingdom   ,2011-10-14,    Clothes  ,         Shoes,14,10,2011,12,Afternoon
579456,2.1,2.1,1,United Kingdom   ,2011-11-29,  Household  ,        Chairs,29,11,2011,14,Afternoon
555115,4.96,19.84,4,United Kingdom   ,2011-05-31,  Household  ,          Rugs,31,5,2011,14,Afternoon
554368,3.75,22.5,6,United Kingdom   ,2011-05-24,     Garden  ,          Turf,24,5,2011,10,Morning
542602,7.95,15.9,2,United Kingdom   ,2011-01-30,     Garden  ,         Hoses,30,1,2011,12,Afternoon
546237,0.85,8.5,10,United Kingdom   ,2011-10-03,     Garden  ,          Turf,3,10,2011,12,Afternoon
576634,1.65,39.6,24,United Kingdom   ,2011-11-16,  Household  ,        Chairs,16,11,2011,9,Morning
561231,1.25,12.5,10,United Kingdom   ,2011-07-26,  Household  ,          Rugs,26,7,2011,10,Morning
540536,4.95,4.95,1,United Kingdom   ,2011-09-01,    Kitchen  ,        Scales,1,9,2011,14,Afternoon
570088,0.85,1.7,2,United Kingdom   ,2011-07-10,  Household  ,         Lamps,10,7,2011,11,Morning
577938,2.95,2.95,1,United Kingdom   ,2011-11-22,    Kitchen  ,        Plates,22,11,2011,12,Afternoon
578270,6.63,79.56,12,United Kingdom   ,2011-11-23,     Garden  ,         Hoses,23,11,2011,13,Afternoon
575516,1.65,19.8,12,United Kingdom   ,2011-10-11,    Kitchen  ,       Cutlery,11,10,2011,10,Morning
555336,0.42,1.68,4,United Kingdom   ,2011-02-06,  Household  ,      Curtains,6,2,2011,11,Morning
570210,1.45,1.45,1,United Kingdom   ,2011-09-10,    Clothes  ,          Hats,10,9,2011,10,Morning
563585,1.25,1.25,1,United Kingdom   ,2011-08-17,    Clothes  ,          Tops,17,8,2011,17,Evening
555604,5.95,35.7,6,United Kingdom   ,2011-06-06,     Garden  ,         Seeds,6,6,2011,11,Morning
539492,1.66,3.32,2,United Kingdom   ,2010-12-20,    Clothes  ,          Tops,20,12,2010,10,Morning
579274,8.25,16.5,2,United Kingdom   ,2011-11-29,    Kitchen  ,       Cutlery,29,11,2011,10,Morning
556887,2.95,2.95,1,United Kingdom   ,2011-06-15,     Garden  ,         Hoses,15,6,2011,12,Afternoon
554814,2.08,20.8,10,United Kingdom   ,2011-05-26,  Household  ,      Curtains,26,5,2011,13,Afternoon
555276,4.96,4.96,1,United Kingdom   ,2011-01-06,  Household  ,         Lamps,6,1,2011,17,Evening
553340,1.25,25.0,20,United Kingdom   ,2011-05-16,    Kitchen  ,       Cutlery,16,5,2011,12,Afternoon
540255,1.66,1.66,1,United Kingdom   ,2011-05-01,    Clothes  ,         Shoes,1,5,2011,16,Evening
569229,2.95,2.95,1,United Kingdom   ,2011-02-10,     Garden  ,         Seeds,10,2,2011,14,Afternoon
564660,3.75,15.0,4,United Kingdom   ,2011-08-26,     Garden  ,          Turf,26,8,2011,14,Afternoon
543923,2.95,35.4,12,United Kingdom   ,2011-02-14,    Kitchen  ,        Plates,14,2,2011,14,Afternoon
579002,0.29,1.45,5,United Kingdom   ,2011-11-27,    Kitchen  ,        Plates,27,11,2011,16,Evening
547399,4.13,16.52,4,United Kingdom   ,2011-03-22,     Garden  ,          Turf,22,3,2011,16,Evening
564350,5.75,23.0,4,United Kingdom   ,2011-08-24,    Clothes  ,         Shoes,24,8,2011,14,Afternoon
556187,9.95,39.8,4,United Kingdom   ,2011-09-06,    Clothes  ,          Hats,6,9,2011,11,Morning
566297,0.29,1.74,6,United Kingdom   ,2011-11-09,  Household  ,      Curtains,9,11,2011,15,Afternoon
567303,2.95,35.4,12,United Kingdom   ,2011-09-19,    Kitchen  ,        Scales,19,9,2011,13,Afternoon
544928,5.79,5.79,1,United Kingdom   ,2011-02-24,     Garden  ,         Rakes,24,2,2011,18,Evening
538097,1.65,13.2,8,United Kingdom   ,2010-09-12,     Garden  ,         Rakes,12,9,2010,14,Afternoon
547513,4.25,4.25,1,United Kingdom   ,2011-03-23,    Kitchen  ,        Plates,23,3,2011,13,Afternoon
561695,1.45,34.8,24,United Kingdom   ,2011-07-29,     Garden  ,          Turf,29,7,2011,10,Morning
566005,2.55,7.65,3,United Kingdom   ,2011-08-09,    Clothes  ,          Tops,9,8,2011,11,Morning
562933,1.63,1.63,1,United Kingdom   ,2011-10-08,    Kitchen  ,         Bowls,8,10,2011,16,Evening
551009,4.13,4.13,1,United Kingdom   ,2011-04-26,     Garden  ,         Hoses,26,4,2011,9,Morning
542869,3.95,15.8,4,United Kingdom   ,2011-01-02,    Kitchen  ,Cooking Knives,2,1,2011,12,Afternoon
565232,3.29,6.58,2,United Kingdom   ,2011-02-09,    Kitchen  ,        Scales,9,2,2011,9,Morning
578262,0.39,1.17,3,United Kingdom   ,2011-11-23,    Clothes  ,          Tops,23,11,2011,13,Afternoon
576855,0.29,6.38,22,United Kingdom   ,2011-11-16,    Kitchen  ,        Scales,16,11,2011,15,Afternoon
575117,0.55,0.55,1,United Kingdom   ,2011-08-11,  Household  ,         Lamps,11,8,2011,14,Afternoon
581219,0.83,5.81,7,United Kingdom   ,2011-08-12,  Household  ,         Lamps,12,8,2011,9,Morning
555548,12.75,51.0,4,United Kingdom   ,2011-05-06,    Kitchen  ,        Plates,6,5,2011,13,Afternoon
580996,2.1,14.7,7,United Kingdom   ,2011-06-12,    Clothes  ,          Hats,12,6,2011,17,Evening
567823,1.25,15.0,12,United Kingdom   ,2011-09-22,     Garden  ,         Seeds,22,9,2011,12,Afternoon
551534,1.25,30.0,24,United Kingdom   ,2011-01-05,    Kitchen  ,Cooking Knives,5,1,2011,14,Afternoon
580136,12.5,12.5,1,United Kingdom   ,2011-01-12,  Household  ,      Curtains,12,1,2011,19,Evening
537640,5.06,10.12,2,United Kingdom   ,2010-07-12,    Clothes  ,          Hats,12,7,2010,15,Afternoon
559038,10.79,323.7,30,United Kingdom   ,2011-05-07,    Kitchen  ,        Scales,7,5,2011,15,Afternoon
556125,2.1,12.6,6,United Kingdom   ,2011-09-06,    Kitchen  ,        Scales,6,9,2011,10,Morning
576948,2.08,20.8,10,United Kingdom   ,2011-11-17,    Clothes  ,          Tops,17,11,2011,11,Morning
566279,0.19,0.38,2,United Kingdom   ,2011-11-09,    Clothes  ,          Tops,9,11,2011,14,Afternoon
536420,2.95,17.7,6,United Kingdom   ,2010-01-12,     Garden  ,         Rakes,12,1,2010,12,Afternoon
562551,2.25,2.25,1,United Kingdom   ,2011-05-08,    Clothes  ,         Shoes,8,5,2011,16,Evening
541810,8.29,8.29,1,United Kingdom   ,2011-01-21,    Clothes  ,         Shoes,21,1,2011,15,Afternoon
551547,4.96,69.44,14,United Kingdom   ,2011-03-05,  Household  ,        Chairs,5,3,2011,9,Morning
551718,5.79,11.58,2,United Kingdom   ,2011-03-05,    Kitchen  ,         Bowls,5,3,2011,16,Evening
540468,2.51,2.51,1,United Kingdom   ,2011-07-01,     Garden  ,         Rakes,1,7,2011,13,Afternoon
538199,4.95,4.95,1,United Kingdom   ,2010-10-12,     Garden  ,         Seeds,12,10,2010,11,Morning
579472,1.25,1.25,1,United Kingdom   ,2011-11-29,    Kitchen  ,      Coasters,29,11,2011,15,Afternoon
538683,1.25,7.5,6,United Kingdom   ,2010-12-13,    Kitchen  ,      Coasters,13,12,2010,17,Evening
577396,1.65,19.8,12,United Kingdom   ,2011-11-18,    Kitchen  ,      Coasters,18,11,2011,17,Evening
546366,0.85,2.55,3,United Kingdom   ,2011-11-03,  Household  ,        Chairs,3,11,2011,11,Morning
576274,0.42,5.04,12,United Kingdom   ,2011-11-14,  Household  ,         Lamps,14,11,2011,14,Afternoon
555408,5.95,11.9,2,United Kingdom   ,2011-03-06,    Kitchen  ,Cooking Knives,6,3,2011,8,Morning
549014,4.95,4.95,1,United Kingdom   ,2011-05-04,     Garden  ,          Turf,4,5,2011,15,Afternoon
569105,0.42,10.08,24,United Kingdom   ,2011-09-30,  Household  ,        Chairs,30,9,2011,12,Afternoon
568050,4.15,4.15,1,United Kingdom   ,2011-09-23,  Household  ,         Lamps,23,9,2011,12,Afternoon
542087,0.55,13.2,24,United Kingdom   ,2011-01-25,     Garden  ,         Hoses,25,1,2011,12,Afternoon
571283,0.85,3.4,4,United Kingdom   ,2011-10-16,    Clothes  ,         Shoes,16,10,2011,13,Afternoon
571457,0.39,9.36,24,United Kingdom   ,2011-10-17,    Clothes  ,          Hats,17,10,2011,14,Afternoon
557208,4.95,39.6,8,United Kingdom   ,2011-06-17,    Kitchen  ,         Bowls,17,6,2011,11,Morning
576695,0.42,5.04,12,United Kingdom   ,2011-11-16,     Garden  ,          Turf,16,11,2011,12,Afternoon
550326,1.25,7.5,6,United Kingdom   ,2011-04-17,    Clothes  ,         Shoes,17,4,2011,13,Afternoon
575898,1.25,3.75,3,United Kingdom   ,2011-11-11,     Garden  ,         Seeds,11,11,2011,15,Afternoon
543285,2.95,17.7,6,United Kingdom   ,2011-07-02,  Household  ,         Lamps,2,7,2011,9,Morning
556636,0.83,1.66,2,United Kingdom   ,2011-06-13,     Garden  ,         Rakes,13,6,2011,15,Afternoon
542621,0.65,7.8,12,       Germany   ,2011-01-31,     Garden  ,         Hoses,31,1,2011,9,Morning
572241,2.1,25.2,12,       Germany   ,2011-10-21,    Clothes  ,          Hats,21,10,2011,15,Afternoon
578024,1.25,15.0,12,       Germany   ,2011-11-22,    Kitchen  ,        Plates,22,11,2011,13,Afternoon
555553,0.85,8.5,10,       Germany   ,2011-05-06,  Household  ,         Lamps,6,5,2011,13,Afternoon
580511,2.1,50.4,24,       Germany   ,2011-04-12,  Household  ,          Rugs,12,4,2011,13,Afternoon
550620,8.5,34.0,4,       Germany   ,2011-04-19,  Household  ,        Chairs,19,4,2011,13,Afternoon
571304,7.95,15.9,2,       Germany   ,2011-10-17,    Kitchen  ,       Cutlery,17,10,2011,9,Morning
562035,4.95,14.85,3,       Germany   ,2011-02-08,     Garden  ,         Rakes,8,2,2011,9,Morning
560569,0.42,10.5,25,       Germany   ,2011-07-19,    Clothes  ,          Tops,19,7,2011,14,Afternoon
571724,0.39,4.68,12,       Germany   ,2011-10-19,  Household  ,      Curtains,19,10,2011,8,Morning
540410,0.85,10.2,12,       Germany   ,2011-07-01,    Clothes  ,          Hats,1,7,2011,10,Morning
539957,0.85,20.4,24,       Germany   ,2010-12-23,    Kitchen  ,        Scales,23,12,2010,12,Afternoon
564749,1.65,19.8,12,       Germany   ,2011-08-30,     Garden  ,         Rakes,30,8,2011,8,Morning
556517,1.65,33.0,20,       Germany   ,2011-06-13,     Garden  ,         Rakes,13,6,2011,10,Morning
578024,5.95,35.7,6,       Germany   ,2011-11-22,     Garden  ,         Seeds,22,11,2011,13,Afternoon
558881,7.95,15.9,2,       Germany   ,2011-04-07,    Kitchen  ,       Cutlery,7,4,2011,14,Afternoon
547925,0.42,10.5,25,       Germany   ,2011-03-28,     Garden  ,         Rakes,28,3,2011,13,Afternoon
576787,0.85,17.0,20,       Germany   ,2011-11-16,    Kitchen  ,        Plates,16,11,2011,13,Afternoon
552878,18.0,144.0,8,       Germany   ,2011-12-05,     Garden  ,          Turf,5,12,2011,9,Morning
564972,2.95,17.7,6,       Germany   ,2011-08-31,  Household  ,      Curtains,31,8,2011,15,Afternoon
564140,0.42,10.5,25,       Germany   ,2011-08-23,  Household  ,         Lamps,23,8,2011,11,Morning
579416,2.08,37.44,18,       Germany   ,2011-11-29,  Household  ,        Chairs,29,11,2011,13,Afternoon
575787,0.42,10.5,25,       Germany   ,2011-11-11,     Garden  ,         Rakes,11,11,2011,11,Morning
581000,1.25,15.0,12,       Germany   ,2011-07-12,     Garden  ,         Hoses,12,7,2011,8,Morning
556578,4.95,19.8,4,       Germany   ,2011-06-13,  Household  ,        Chairs,13,6,2011,14,Afternoon
565416,5.45,16.35,3,       Germany   ,2011-04-09,    Clothes  ,          Tops,9,4,2011,12,Afternoon
540458,0.85,10.2,12,       Germany   ,2011-07-01,    Clothes  ,         Shoes,1,7,2011,12,Afternoon
561911,1.65,19.8,12,       Germany   ,2011-01-08,  Household  ,        Chairs,8,1,2011,10,Morning
543587,7.95,15.9,2,       Germany   ,2011-10-02,    Clothes  ,          Hats,2,10,2011,11,Morning
549193,2.08,20.8,10,       Germany   ,2011-07-04,     Garden  ,         Rakes,4,7,2011,10,Morning
577615,1.25,22.5,18,       Germany   ,2011-11-21,  Household  ,         Lamps,21,11,2011,10,Morning
556509,2.08,12.48,6,       Germany   ,2011-06-13,    Clothes  ,          Hats,13,6,2011,10,Morning
568056,1.45,17.4,12,       Germany   ,2011-09-23,    Clothes  ,          Hats,23,9,2011,12,Afternoon
537201,1.95,15.6,8,       Germany   ,2010-05-12,    Kitchen  ,       Cutlery,12,5,2010,14,Afternoon
540553,7.95,15.9,2,       Germany   ,2011-10-01,  Household  ,      Curtains,1,10,2011,9,Morning
571065,4.15,16.6,4,       Germany   ,2011-10-13,    Kitchen  ,       Cutlery,13,10,2011,14,Afternoon
560635,1.25,15.0,12,       Germany   ,2011-07-20,     Garden  ,         Rakes,20,7,2011,10,Morning
554861,4.95,19.8,4,       Germany   ,2011-05-27,    Clothes  ,          Hats,27,5,2011,10,Morning
565765,2.55,15.3,6,       Germany   ,2011-06-09,    Kitchen  ,Cooking Knives,9,6,2011,14,Afternoon
540458,2.95,17.7,6,       Germany   ,2011-07-01,  Household  ,      Curtains,1,7,2011,12,Afternoon
571658,1.65,19.8,12,       Germany   ,2011-10-18,     Garden  ,         Hoses,18,10,2011,12,Afternoon
576787,2.08,20.8,10,       Germany   ,2011-11-16,    Clothes  ,          Tops,16,11,2011,13,Afternoon
541965,0.85,20.4,24,       Germany   ,2011-01-24,    Kitchen  ,       Cutlery,24,1,2011,13,Afternoon
556443,0.85,8.5,10,       Germany   ,2011-10-06,    Kitchen  ,        Plates,6,10,2011,15,Afternoon
567666,2.95,17.7,6,       Germany   ,2011-09-21,     Garden  ,         Seeds,21,9,2011,15,Afternoon
542713,3.75,30.0,8,       Germany   ,2011-01-31,     Garden  ,          Turf,31,1,2011,13,Afternoon
576890,3.75,15.0,4,       Germany   ,2011-11-16,  Household  ,         Lamps,16,11,2011,17,Evening
555162,1.95,23.4,12,       Germany   ,2011-01-06,  Household  ,      Curtains,6,1,2011,10,Morning
569893,12.75,12.75,1,       Germany   ,2011-06-10,    Kitchen  ,Cooking Knives,10,6,2011,15,Afternoon
581266,0.39,4.68,12,       Germany   ,2011-08-12,  Household  ,          Rugs,12,8,2011,11,Morning
553741,10.95,65.7,6,       Germany   ,2011-05-19,    Clothes  ,          Tops,19,5,2011,9,Morning
565416,0.29,6.96,24,       Germany   ,2011-04-09,    Kitchen  ,      Coasters,9,4,2011,12,Afternoon
555162,2.55,15.3,6,       Germany   ,2011-01-06,     Garden  ,         Seeds,6,1,2011,10,Morning
555282,1.45,17.4,12,       Germany   ,2011-02-06,    Clothes  ,          Hats,6,2,2011,9,Morning
549316,0.65,7.8,12,       Germany   ,2011-08-04,    Kitchen  ,        Scales,4,8,2011,9,Morning
560728,2.95,14.75,5,       Germany   ,2011-07-20,     Garden  ,          Turf,20,7,2011,14,Afternoon
544573,2.55,30.6,12,       Germany   ,2011-02-21,  Household  ,        Chairs,21,2,2011,13,Afternoon
546759,3.75,15.0,4,       Germany   ,2011-03-16,    Kitchen  ,Cooking Knives,16,3,2011,13,Afternoon
568350,4.95,44.55,9,       Germany   ,2011-09-26,    Clothes  ,         Shoes,26,9,2011,15,Afternoon
578509,2.95,17.7,6,       Germany   ,2011-11-24,     Garden  ,         Hoses,24,11,2011,13,Afternoon
581266,1.25,15.0,12,       Germany   ,2011-08-12,     Garden  ,         Rakes,12,8,2011,11,Morning
567958,0.55,13.2,24,       Germany   ,2011-09-23,    Clothes  ,          Hats,23,9,2011,9,Morning
537201,0.85,20.4,24,       Germany   ,2010-05-12,  Household  ,        Chairs,12,5,2010,14,Afternoon
539395,14.95,89.7,6,       Germany   ,2010-12-17,    Kitchen  ,        Scales,17,12,2010,11,Morning
568674,4.95,14.85,3,       Germany   ,2011-09-28,    Clothes  ,          Tops,28,9,2011,13,Afternoon
568674,3.25,19.5,6,       Germany   ,2011-09-28,    Clothes  ,          Hats,28,9,2011,13,Afternoon
545718,4.95,14.85,3,       Germany   ,2011-07-03,     Garden  ,         Hoses,3,7,2011,10,Morning
573284,2.08,12.48,6,       Germany   ,2011-10-28,  Household  ,          Rugs,28,10,2011,14,Afternoon
542128,0.85,20.4,24,       Germany   ,2011-01-25,     Garden  ,         Rakes,25,1,2011,15,Afternoon
576607,18.0,72.0,4,       Germany   ,2011-11-15,    Kitchen  ,Cooking Knives,15,11,2011,15,Afternoon
564856,1.25,15.0,12,       Germany   ,2011-08-31,     Garden  ,         Rakes,31,8,2011,9,Morning
540458,9.95,19.9,2,       Germany   ,2011-07-01,    Clothes  ,          Tops,1,7,2011,12,Afternoon
567904,1.65,16.5,10,       Germany   ,2011-09-22,    Clothes  ,          Tops,22,9,2011,16,Evening
564079,1.65,16.5,10,       Germany   ,2011-08-22,    Clothes  ,          Hats,22,8,2011,15,Afternoon
542369,1.65,39.6,24,       Germany   ,2011-01-27,    Clothes  ,          Hats,27,1,2011,13,Afternoon
572061,4.25,17.0,4,       Germany   ,2011-10-20,    Clothes  ,          Tops,20,10,2011,12,Afternoon
560876,1.65,19.8,12,       Germany   ,2011-07-21,     Garden  ,         Seeds,21,7,2011,15,Afternoon
547383,0.85,10.2,12,       Germany   ,2011-03-22,     Garden  ,         Rakes,22,3,2011,15,Afternoon
577135,8.5,68.0,8,       Germany   ,2011-11-18,     Garden  ,         Hoses,18,11,2011,8,Morning
576890,1.25,15.0,12,       Germany   ,2011-11-16,    Kitchen  ,       Cutlery,16,11,2011,17,Evening
572061,0.42,8.4,20,       Germany   ,2011-10-20,     Garden  ,         Rakes,20,10,2011,12,Afternoon
571065,4.95,14.85,3,       Germany   ,2011-10-13,    Clothes  ,          Hats,13,10,2011,14,Afternoon
540769,1.45,17.4,12,       Germany   ,2011-11-01,    Clothes  ,          Hats,1,11,2011,10,Morning
559298,2.08,24.96,12,       Germany   ,2011-07-07,    Clothes  ,          Hats,7,7,2011,12,Afternoon
569893,1.65,19.8,12,       Germany   ,2011-06-10,     Garden  ,         Rakes,10,6,2011,15,Afternoon
566233,10.95,10.95,1,       Germany   ,2011-11-09,    Clothes  ,         Shoes,9,11,2011,11,Morning
568350,1.0,24.0,24,       Germany   ,2011-09-26,    Clothes  ,         Shoes,26,9,2011,15,Afternoon
560230,18.0,36.0,2,       Germany   ,2011-07-17,    Kitchen  ,      Coasters,17,7,2011,10,Morning
550137,2.95,35.4,12,       Germany   ,2011-04-14,  Household  ,        Chairs,14,4,2011,13,Afternoon
543587,2.95,23.6,8,       Germany   ,2011-10-02,     Garden  ,         Rakes,2,10,2011,11,Morning
554104,0.65,7.8,12,       Germany   ,2011-05-22,    Kitchen  ,         Bowls,22,5,2011,14,Afternoon
560230,0.42,10.08,24,       Germany   ,2011-07-17,    Kitchen  ,         Bowls,17,7,2011,10,Morning
574071,0.85,10.2,12,       Germany   ,2011-02-11,    Clothes  ,          Tops,11,2,2011,14,Afternoon
540351,0.55,13.2,24,        France   ,2011-06-01,    Kitchen  ,        Scales,1,6,2011,14,Afternoon
574104,0.85,10.2,12,        France   ,2011-03-11,  Household  ,         Lamps,11,3,2011,10,Morning
538008,1.25,30.0,24,        France   ,2010-09-12,  Household  ,         Lamps,12,9,2010,12,Afternoon
569921,12.5,12.5,1,        France   ,2011-06-10,     Garden  ,          Turf,10,6,2011,17,Evening
579345,0.42,10.08,24,        France   ,2011-11-29,    Kitchen  ,       Cutlery,29,11,2011,11,Morning
546479,1.65,16.5,10,        France   ,2011-03-14,     Garden  ,         Seeds,14,3,2011,11,Morning
566736,0.42,6.72,16,        France   ,2011-09-14,    Kitchen  ,        Plates,14,9,2011,14,Afternoon
547722,0.65,7.8,12,        France   ,2011-03-25,     Garden  ,         Seeds,25,3,2011,10,Morning
556529,2.55,30.6,12,        France   ,2011-06-13,  Household  ,         Lamps,13,6,2011,11,Morning
536974,1.25,15.0,12,        France   ,2010-03-12,    Kitchen  ,       Cutlery,12,3,2010,13,Afternoon
547722,5.95,17.85,3,        France   ,2011-03-25,    Kitchen  ,        Scales,25,3,2011,10,Morning
556259,1.25,30.0,24,        France   ,2011-09-06,     Garden  ,         Seeds,6,9,2011,17,Evening
579492,2.95,70.8,24,        France   ,2011-11-29,    Kitchen  ,       Cutlery,29,11,2011,15,Afternoon
575629,2.95,17.7,6,        France   ,2011-10-11,     Garden  ,         Seeds,11,10,2011,13,Afternoon
579792,0.39,4.68,12,        France   ,2011-11-30,     Garden  ,         Hoses,30,11,2011,15,Afternoon
575692,2.55,7.65,3,        France   ,2011-10-11,     Garden  ,         Hoses,11,10,2011,16,Evening
542433,2.95,53.1,18,        France   ,2011-01-28,  Household  ,      Curtains,28,1,2011,10,Morning
540351,2.1,12.6,6,        France   ,2011-06-01,    Clothes  ,         Shoes,1,6,2011,14,Afternoon
574506,1.65,1.65,1,        France   ,2011-04-11,    Clothes  ,          Tops,11,4,2011,13,Afternoon
544470,12.75,51.0,4,        France   ,2011-02-21,    Clothes  ,          Hats,21,2,2011,8,Morning
561795,1.25,12.5,10,        France   ,2011-07-29,  Household  ,      Curtains,29,7,2011,13,Afternoon
569122,0.83,6.64,8,        France   ,2011-09-30,  Household  ,        Chairs,30,9,2011,13,Afternoon
545583,3.75,15.0,4,        France   ,2011-04-03,     Garden  ,         Seeds,3,4,2011,9,Morning
551544,2.1,63.0,30,        France   ,2011-03-05,     Garden  ,         Hoses,5,3,2011,9,Morning
568040,1.25,30.0,24,        France   ,2011-09-23,    Clothes  ,          Tops,23,9,2011,12,Afternoon
579193,3.25,19.5,6,        France   ,2011-11-28,     Garden  ,         Hoses,28,11,2011,15,Afternoon
544355,3.25,19.5,6,        France   ,2011-02-18,     Garden  ,         Hoses,18,2,2011,10,Morning
576087,1.95,15.6,8,        France   ,2011-11-14,    Kitchen  ,        Scales,14,11,2011,8,Morning
574104,1.25,30.0,24,        France   ,2011-03-11,    Kitchen  ,      Coasters,11,3,2011,10,Morning
570672,1.25,15.0,12,        France   ,2011-11-10,  Household  ,        Chairs,10,11,2011,14,Afternoon
560272,18.0,18.0,1,        France   ,2011-07-17,  Household  ,          Rugs,17,7,2011,14,Afternoon
561470,0.42,10.5,25,        France   ,2011-07-27,  Household  ,      Curtains,27,7,2011,13,Afternoon
543188,0.85,10.2,12,        France   ,2011-04-02,  Household  ,          Rugs,2,4,2011,11,Morning
540642,1.65,19.8,12,        France   ,2011-10-01,    Clothes  ,          Hats,1,10,2011,13,Afternoon
540642,4.95,14.85,3,        France   ,2011-10-01,     Garden  ,          Turf,1,10,2011,13,Afternoon
579792,1.25,30.0,24,        France   ,2011-11-30,    Clothes  ,          Tops,30,11,2011,15,Afternoon
580705,4.95,19.8,4,        France   ,2011-05-12,    Kitchen  ,        Plates,12,5,2011,16,Evening
570672,0.85,8.5,10,        France   ,2011-11-10,    Clothes  ,          Hats,10,11,2011,14,Afternoon
541120,1.25,15.0,12,        France   ,2011-01-14,    Kitchen  ,Cooking Knives,14,1,2011,9,Morning
566816,2.55,61.2,24,        France   ,2011-09-15,    Kitchen  ,        Scales,15,9,2011,10,Morning
555941,0.85,10.2,12,        France   ,2011-08-06,     Garden  ,         Rakes,6,8,2011,10,Morning
563288,0.42,10.5,25,        France   ,2011-08-15,  Household  ,          Rugs,15,8,2011,12,Afternoon
547504,1.95,15.6,8,        France   ,2011-03-23,     Garden  ,          Turf,23,3,2011,13,Afternoon
552631,0.65,15.6,24,        France   ,2011-10-05,    Clothes  ,         Shoes,5,10,2011,12,Afternoon
540239,1.25,15.0,12,        France   ,2011-05-01,    Kitchen  ,      Coasters,1,5,2011,14,Afternoon
539050,2.1,2.1,1,        France   ,2010-12-15,    Kitchen  ,      Coasters,15,12,2010,16,Evening
541120,1.95,15.6,8,        France   ,2011-01-14,     Garden  ,         Hoses,14,1,2011,9,Morning
564670,18.0,108.0,6,        France   ,2011-08-26,     Garden  ,         Hoses,26,8,2011,15,Afternoon
547892,1.25,15.0,12,        France   ,2011-03-28,    Kitchen  ,         Bowls,28,3,2011,10,Morning
544817,1.65,19.8,12,        France   ,2011-02-23,  Household  ,         Lamps,23,2,2011,16,Evening
541121,2.95,44.25,15,        France   ,2011-01-14,    Clothes  ,          Hats,14,1,2011,9,Morning
552631,0.85,10.2,12,        France   ,2011-10-05,    Kitchen  ,      Coasters,5,10,2011,12,Afternoon
567640,1.95,15.6,8,        France   ,2011-09-21,  Household  ,        Chairs,21,9,2011,14,Afternoon
575067,0.55,13.2,24,        France   ,2011-08-11,    Kitchen  ,         Bowls,11,8,2011,12,Afternoon
565322,1.65,26.4,16,        France   ,2011-02-09,     Garden  ,         Rakes,9,2,2011,13,Afternoon
580536,18.0,54.0,3,        France   ,2011-04-12,    Clothes  ,         Shoes,12,4,2011,16,Evening
570672,1.45,17.4,12,        France   ,2011-11-10,  Household  ,          Rugs,10,11,2011,14,Afternoon
568040,2.55,15.3,6,        France   ,2011-09-23,    Kitchen  ,      Coasters,23,9,2011,12,Afternoon
536370,0.42,10.08,24,        France   ,2010-01-12,     Garden  ,         Rakes,12,1,2010,8,Morning
575193,1.65,16.5,10,        France   ,2011-09-11,    Clothes  ,          Tops,11,9,2011,9,Morning
563288,4.95,39.6,8,        France   ,2011-08-15,    Kitchen  ,       Cutlery,15,8,2011,12,Afternoon
547087,1.65,13.2,8,        France   ,2011-03-20,     Garden  ,         Seeds,20,3,2011,15,Afternoon
540365,0.85,10.2,12,        France   ,2011-06-01,    Clothes  ,         Shoes,1,6,2011,16,Evening
570672,8.25,16.5,2,        France   ,2011-11-10,    Kitchen  ,         Bowls,10,11,2011,14,Afternoon
559607,3.75,15.0,4,        France   ,2011-11-07,     Garden  ,         Hoses,7,11,2011,11,Morning
541138,1.65,19.8,12,        France   ,2011-01-14,     Garden  ,          Turf,14,1,2011,10,Morning
540463,1.65,9.9,6,        France   ,2011-07-01,     Garden  ,         Hoses,1,7,2011,13,Afternoon
570672,2.08,12.48,6,        France   ,2011-11-10,  Household  ,          Rugs,10,11,2011,14,Afternoon
555547,1.65,19.8,12,        France   ,2011-05-06,    Clothes  ,          Hats,6,5,2011,13,Afternoon
568798,0.42,10.5,25,        France   ,2011-09-29,    Kitchen  ,Cooking Knives,29,9,2011,10,Morning
538008,10.95,21.9,2,        France   ,2010-09-12,    Clothes  ,          Tops,12,9,2010,12,Afternoon
555096,4.15,16.6,4,        France   ,2011-05-31,    Kitchen  ,        Plates,31,5,2011,13,Afternoon
541631,0.65,7.8,12,        France   ,2011-01-20,    Kitchen  ,        Scales,20,1,2011,10,Morning
545301,1.25,30.0,24,        France   ,2011-01-03,     Garden  ,         Seeds,3,1,2011,12,Afternoon
552315,0.42,5.04,12,        France   ,2011-08-05,     Garden  ,         Hoses,5,8,2011,16,Evening
570672,1.25,10.0,8,        France   ,2011-11-10,    Clothes  ,          Tops,10,11,2011,14,Afternoon
575067,4.95,44.55,9,        France   ,2011-08-11,     Garden  ,         Seeds,11,8,2011,12,Afternoon
560398,0.39,9.36,24,        France   ,2011-07-18,     Garden  ,         Hoses,18,7,2011,14,Afternoon
541567,0.85,17.0,20,        France   ,2011-01-19,  Household  ,         Lamps,19,1,2011,11,Morning
575692,1.25,2.5,2,        France   ,2011-10-11,    Kitchen  ,      Coasters,11,10,2011,16,Evening
543484,0.42,10.5,25,        France   ,2011-09-02,     Garden  ,          Turf,2,9,2011,10,Morning
570841,18.0,36.0,2,        France   ,2011-12-10,  Household  ,      Curtains,10,12,2011,14,Afternoon
541138,0.85,20.4,24,        France   ,2011-01-14,    Kitchen  ,Cooking Knives,14,1,2011,10,Morning
574506,8.25,8.25,1,        France   ,2011-04-11,  Household  ,        Chairs,11,4,2011,13,Afternoon
565931,2.25,18.0,8,        France   ,2011-08-09,    Clothes  ,         Shoes,9,8,2011,10,Morning
553208,2.08,24.96,12,        France   ,2011-05-16,    Kitchen  ,        Scales,16,5,2011,9,Morning
573402,0.83,9.96,12,        France   ,2011-10-30,    Clothes  ,          Tops,30,10,2011,15,Afternoon
554097,2.95,17.7,6,        France   ,2011-05-22,     Garden  ,         Rakes,22,5,2011,13,Afternoon
556886,1.25,30.0,24,        France   ,2011-06-15,    Clothes  ,          Tops,15,6,2011,12,Afternoon
546428,1.25,15.0,12,        France   ,2011-03-13,  Household  ,         Lamps,13,3,2011,14,Afternoon
545515,0.85,10.2,12,        France   ,2011-03-03,     Garden  ,          Turf,3,3,2011,12,Afternoon
575747,3.25,19.5,6,        France   ,2011-11-11,    Clothes  ,          Tops,11,11,2011,10,Morning
554648,2.08,20.8,10,        France   ,2011-05-25,  Household  ,         Lamps,25,5,2011,12,Afternoon
542904,1.65,39.6,24,        France   ,2011-01-02,    Clothes  ,          Hats,2,1,2011,14,Afternoon
553411,1.65,16.5,10,        France   ,2011-05-17,     Garden  ,         Rakes,17,5,2011,9,Morning
575747,1.25,30.0,24,        France   ,2011-11-11,     Garden  ,         Rakes,11,11,2011,10,Morning
574918,0.65,14.3,22,        France   ,2011-07-11,     Garden  ,         Seeds,11,7,2011,16,Evening
564173,4.15,24.9,6,        France   ,2011-08-23,     Garden  ,         Seeds,23,8,2011,14,Afternoon
541120,2.95,35.4,12,        France   ,2011-01-14,  Household  ,        Chairs,14,1,2011,9,Morning
576927,4.15,16.6,4,        France   ,2011-11-17,     Garden  ,         Seeds,17,11,2011,11,Morning
569568,4.95,19.8,4,        France   ,2011-05-10,    Kitchen  ,Cooking Knives,10,5,2011,9,Morning
574104,4.95,39.6,8,        France   ,2011-03-11,     Garden  ,          Turf,11,3,2011,10,Morning
552631,0.42,10.08,24,        France   ,2011-10-05,     Garden  ,          Turf,5,10,2011,12,Afternoon
554940,2.1,25.2,12,        France   ,2011-05-27,     Garden  ,         Rakes,27,5,2011,13,Afternoon
581587,4.15,16.6,4,        France   ,2011-09-12,     Garden  ,         Hoses,12,9,2011,12,Afternoon
541567,0.85,8.5,10,        France   ,2011-01-19,    Kitchen  ,      Coasters,19,1,2011,11,Morning
540365,0.85,20.4,24,        France   ,2011-06-01,    Clothes  ,         Shoes,1,6,2011,16,Evening
570724,1.25,15.0,12,        France   ,2011-12-10,     Garden  ,         Hoses,10,12,2011,11,Morning
579345,4.95,14.85,3,        France   ,2011-11-29,     Garden  ,         Seeds,29,11,2011,11,Morning
565854,4.15,33.2,8,        France   ,2011-07-09,    Kitchen  ,         Bowls,9,7,2011,13,Afternoon
574093,2.1,12.6,6,        France   ,2011-03-11,     Garden  ,         Hoses,11,3,2011,9,Morning
544069,2.95,17.7,6,        France   ,2011-02-15,    Clothes  ,         Shoes,15,2,2011,14,Afternoon
565930,1.25,20.0,16,        France   ,2011-08-09,    Kitchen  ,       Cutlery,9,8,2011,10,Morning
542629,2.1,25.2,12,        France   ,2011-01-31,    Kitchen  ,      Coasters,31,1,2011,9,Morning
551544,0.85,20.4,24,        France   ,2011-03-05,    Kitchen  ,Cooking Knives,5,3,2011,9,Morning
539727,18.0,18.0,1,        France   ,2010-12-21,  Household  ,          Rugs,21,12,2010,14,Afternoon
566115,0.42,5.04,12,        France   ,2011-09-09,    Clothes  ,          Hats,9,9,2011,10,Morning
547194,1.65,4.95,3,        France   ,2011-03-21,    Kitchen  ,      Coasters,21,3,2011,12,Afternoon
559704,18.0,72.0,4,        France   ,2011-12-07,    Kitchen  ,         Bowls,7,12,2011,9,Morning
568040,0.85,8.5,10,        France   ,2011-09-23,    Kitchen  ,       Cutlery,23,9,2011,12,Afternoon
556526,4.15,33.2,8,        France   ,2011-06-13,    Kitchen  ,Cooking Knives,13,6,2011,11,Morning
573891,5.95,35.7,6,        France   ,2011-01-11,     Garden  ,         Hoses,11,1,2011,13,Afternoon
547492,1.25,30.0,24,        France   ,2011-03-23,     Garden  ,         Seeds,23,3,2011,12,Afternoon
547194,4.95,14.85,3,        France   ,2011-03-21,    Clothes  ,          Hats,21,3,2011,12,Afternoon
567552,0.82,8.2,10,        France   ,2011-09-21,     Garden  ,         Rakes,21,9,2011,10,Morning
574501,0.12,0.36,3,        France   ,2011-04-11,     Garden  ,         Seeds,11,4,2011,13,Afternoon
574252,8.5,17.0,2,        France   ,2011-03-11,    Kitchen  ,        Scales,11,3,2011,13,Afternoon
575629,0.83,9.96,12,        France   ,2011-10-11,  Household  ,      Curtains,11,10,2011,13,Afternoon
547194,0.42,0.42,1,        France   ,2011-03-21,     Garden  ,          Turf,21,3,2011,12,Afternoon
547892,1.65,16.5,10,        France   ,2011-03-28,    Clothes  ,          Tops,28,3,2011,10,Morning
542535,8.95,44.75,5,        France   ,2011-01-28,  Household  ,         Lamps,28,1,2011,13,Afternoon
548737,2.55,15.3,6,        France   ,2011-04-04,    Kitchen  ,         Bowls,4,4,2011,11,Morning
576672,1.65,49.5,30,        France   ,2011-11-16,  Household  ,          Rugs,16,11,2011,11,Morning
540178,0.42,5.04,12,        France   ,2011-05-01,  Household  ,          Rugs,1,5,2011,12,Afternoon
563926,1.25,12.5,10,        France   ,2011-08-21,    Clothes  ,          Hats,21,8,2011,14,Afternoon
577344,18.0,18.0,1,        France   ,2011-11-18,    Kitchen  ,         Bowls,18,11,2011,15,Afternoon
562275,1.25,10.0,8,        France   ,2011-04-08,  Household  ,      Curtains,8,4,2011,10,Morning
566256,0.39,4.68,12,        France   ,2011-11-09,     Garden  ,         Rakes,9,11,2011,12,Afternoon
541631,2.1,25.2,12,        France   ,2011-01-20,     Garden  ,         Seeds,20,1,2011,10,Morning
542629,2.55,30.6,12,        France   ,2011-01-31,    Clothes  ,          Tops,31,1,2011,9,Morning
559704,1.25,10.0,8,        France   ,2011-12-07,    Kitchen  ,       Cutlery,7,12,2011,9,Morning
548496,0.85,20.4,24,        France   ,2011-03-31,    Clothes  ,          Hats,31,3,2011,13,Afternoon
553577,2.55,30.6,12,        France   ,2011-05-18,     Garden  ,         Rakes,18,5,2011,10,Morning
539050,1.25,1.25,1,        France   ,2010-12-15,    Kitchen  ,       Cutlery,15,12,2010,16,Evening
579708,1.65,16.5,10,        France   ,2011-11-30,  Household  ,         Lamps,30,11,2011,14,Afternoon
552826,7.95,15.9,2,        France   ,2011-11-05,    Clothes  ,          Hats,5,11,2011,13,Afternoon
567618,2.08,20.8,10,        France   ,2011-09-21,  Household  ,      Curtains,21,9,2011,12,Afternoon
556816,0.85,17.0,20,        France   ,2011-06-15,    Kitchen  ,      Coasters,15,6,2011,9,Morning
569699,1.25,2.5,2,        France   ,2011-05-10,    Kitchen  ,      Coasters,10,5,2011,15,Afternoon
564670,1.65,19.8,12,        France   ,2011-08-26,  Household  ,        Chairs,26,8,2011,15,Afternoon
555096,2.08,20.8,10,        France   ,2011-05-31,    Kitchen  ,       Cutlery,31,5,2011,13,Afternoon
540239,1.25,15.0,12,        France   ,2011-05-01,    Kitchen  ,        Scales,1,5,2011,14,Afternoon
567910,18.0,18.0,1,        France   ,2011-09-22,     Garden  ,         Seeds,22,9,2011,16,Evening
580986,0.21,5.04,24,        France   ,2011-06-12,     Garden  ,         Rakes,12,6,2011,16,Evening
538093,1.65,19.8,12,        France   ,2010-09-12,    Clothes  ,          Tops,12,9,2010,14,Afternoon
538093,0.85,10.2,12,        France   ,2010-09-12,  Household  ,         Lamps,12,9,2010,14,Afternoon
578541,6.75,13.5,2,        France   ,2011-11-24,     Garden  ,         Rakes,24,11,2011,15,Afternoon
579792,1.25,10.0,8,        France   ,2011-11-30,  Household  ,      Curtains,30,11,2011,15,Afternoon
576941,2.08,20.8,10,        France   ,2011-11-17,     Garden  ,         Rakes,17,11,2011,11,Morning
560398,6.75,67.5,10,        France   ,2011-07-18,  Household  ,          Rugs,18,7,2011,14,Afternoon
547892,3.75,15.0,4,        France   ,2011-03-28,    Clothes  ,          Hats,28,3,2011,10,Morning
546373,0.65,15.6,24,        France   ,2011-11-03,    Kitchen  ,        Plates,3,11,2011,12,Afternoon
580705,4.15,16.6,4,        France   ,2011-05-12,  Household  ,        Chairs,12,5,2011,16,Evening
544355,0.65,7.8,12,        France   ,2011-02-18,     Garden  ,         Hoses,18,2,2011,10,Morning
553843,4.15,16.6,4,        France   ,2011-05-19,  Household  ,         Lamps,19,5,2011,12,Afternoon
561795,3.25,19.5,6,        France   ,2011-07-29,    Clothes  ,          Tops,29,7,2011,13,Afternoon
545051,18.0,18.0,1,        France   ,2011-02-27,  Household  ,         Lamps,27,2,2011,11,Morning
561795,0.42,10.5,25,        France   ,2011-07-29,    Clothes  ,          Hats,29,7,2011,13,Afternoon
552851,0.42,5.04,12,        France   ,2011-11-05,  Household  ,        Chairs,5,11,2011,15,Afternoon
579345,18.0,72.0,4,        France   ,2011-11-29,  Household  ,         Lamps,29,11,2011,11,Morning
580160,0.42,8.4,20,        France   ,2011-02-12,    Clothes  ,          Hats,12,2,2011,10,Morning
556924,1.95,46.8,24,        France   ,2011-06-15,  Household  ,         Lamps,15,6,2011,14,Afternoon
543484,1.95,19.5,10,        France   ,2011-09-02,     Garden  ,         Hoses,2,9,2011,10,Morning
566163,3.75,30.0,8,        France   ,2011-09-09,     Garden  ,         Seeds,9,9,2011,11,Morning
547892,1.65,19.8,12,        France   ,2011-03-28,    Clothes  ,          Tops,28,3,2011,10,Morning
555547,2.55,15.3,6,        France   ,2011-05-06,    Clothes  ,         Shoes,6,5,2011,13,Afternoon
564479,1.65,19.8,12,        France   ,2011-08-25,    Clothes  ,         Shoes,25,8,2011,13,Afternoon
551539,0.85,17.0,20,        France   ,2011-03-05,    Clothes  ,          Hats,5,3,2011,8,Morning
555569,2.95,17.7,6,        France   ,2011-05-06,    Kitchen  ,Cooking Knives,6,5,2011,15,Afternoon
550661,3.75,15.0,4,        France   ,2011-04-20,    Clothes  ,          Tops,20,4,2011,9,Morning
540976,2.95,17.7,6,        France   ,2011-12-01,    Kitchen  ,        Plates,1,12,2011,15,Afternoon
564531,0.42,5.04,12,        France   ,2011-08-25,     Garden  ,         Rakes,25,8,2011,15,Afternoon
580986,0.39,4.68,12,        France   ,2011-06-12,     Garden  ,          Turf,12,6,2011,16,Evening
570724,11.95,23.9,2,        France   ,2011-12-10,    Clothes  ,         Shoes,10,12,2011,11,Morning
561040,2.95,17.7,6,     Australia   ,2011-07-24,  Household  ,         Lamps,24,7,2011,12,Afternoon
568695,1.65,39.6,24,     Australia   ,2011-09-28,     Garden  ,         Seeds,28,9,2011,14,Afternoon
540700,1.65,16.5,10,     Australia   ,2011-11-01,     Garden  ,         Rakes,1,11,2011,9,Morning
554126,6.75,67.5,10,     Australia   ,2011-05-23,    Kitchen  ,        Plates,23,5,2011,9,Morning
567085,7.95,15.9,2,     Australia   ,2011-09-16,     Garden  ,         Rakes,16,9,2011,12,Afternoon
567085,4.95,14.85,3,     Australia   ,2011-09-16,    Clothes  ,         Shoes,16,9,2011,12,Afternoon
547659,7.95,15.9,2,     Australia   ,2011-03-24,  Household  ,         Lamps,24,3,2011,13,Afternoon
567085,1.65,19.8,12,     Australia   ,2011-09-16,    Kitchen  ,        Plates,16,9,2011,12,Afternoon
560033,2.55,30.6,12,     Australia   ,2011-07-14,    Clothes  ,          Tops,14,7,2011,13,Afternoon
545065,6.75,27.0,4,     Australia   ,2011-02-27,  Household  ,          Rugs,27,2,2011,14,Afternoon
568145,2.89,52.02,18,     Australia   ,2011-09-25,    Clothes  ,          Hats,25,9,2011,11,Morning
560473,3.25,13.0,4,     Australia   ,2011-07-19,    Kitchen  ,         Bowls,19,7,2011,10,Morning
560473,4.15,16.6,4,     Australia   ,2011-07-19,  Household  ,        Chairs,19,7,2011,10,Morning
569722,2.08,41.6,20,     Australia   ,2011-06-10,  Household  ,          Rugs,10,6,2011,9,Morning
543376,2.95,53.1,18,     Australia   ,2011-07-02,     Garden  ,         Hoses,2,7,2011,15,Afternoon
569723,2.08,20.8,10,     Australia   ,2011-06-10,     Garden  ,         Seeds,10,6,2011,9,Morning
547659,5.95,47.6,8,     Australia   ,2011-03-24,    Kitchen  ,       Cutlery,24,3,2011,13,Afternoon
563179,1.65,16.5,10,     Australia   ,2011-12-08,    Kitchen  ,       Cutlery,8,12,2011,14,Afternoon
568708,1.95,23.4,12,     Australia   ,2011-09-28,    Clothes  ,          Tops,28,9,2011,15,Afternoon
553148,2.95,11.8,4,     Hong Kong   ,2011-05-13,    Clothes  ,         Shoes,13,5,2011,14,Afternoon
553148,2.95,11.8,4,     Hong Kong   ,2011-05-13,  Household  ,          Rugs,13,5,2011,14,Afternoon
553148,1.95,11.7,6,     Hong Kong   ,2011-05-13,  Household  ,          Rugs,13,5,2011,14,Afternoon
553148,5.95,17.85,3,     Hong Kong   ,2011-05-13,     Garden  ,         Rakes,13,5,2011,14,Afternoon
564087,4.15,99.6,24,     Hong Kong   ,2011-08-23,    Kitchen  ,Cooking Knives,23,8,2011,9,Morning
549738,3.75,45.0,12,     Hong Kong   ,2011-12-04,  Household  ,         Lamps,4,12,2011,9,Morning
571652,3.75,15.0,4,     Hong Kong   ,2011-10-18,  Household  ,      Curtains,18,10,2011,12,Afternoon
571652,4.95,14.85,3,     Hong Kong   ,2011-10-18,    Kitchen  ,         Bowls,18,10,2011,12,Afternoon
564087,8.25,66.0,8,     Hong Kong   ,2011-08-23,    Kitchen  ,Cooking Knives,23,8,2011,9,Morning
571652,3.75,15.0,4,     Hong Kong   ,2011-10-18,     Garden  ,         Hoses,18,10,2011,12,Afternoon
571652,0.42,10.08,24,     Hong Kong   ,2011-10-18,    Clothes  ,          Hats,18,10,2011,12,Afternoon
564087,4.95,39.6,8,     Hong Kong   ,2011-08-23,    Clothes  ,          Hats,23,8,2011,9,Morning
564087,1.25,20.0,16,     Hong Kong   ,2011-08-23,  Household  ,          Rugs,23,8,2011,9,Morning
541975,2.1,52.5,25,     Hong Kong   ,2011-01-24,    Clothes  ,          Tops,24,1,2011,14,Afternoon
541975,3.25,19.5,6,     Hong Kong   ,2011-01-24,     Garden  ,          Turf,24,1,2011,14,Afternoon
553148,0.55,13.2,24,     Hong Kong   ,2011-05-13,    Clothes  ,         Shoes,13,5,2011,14,Afternoon
564087,0.85,10.2,12,     Hong Kong   ,2011-08-23,     Garden  ,          Turf,23,8,2011,9,Morning
541975,10.95,43.8,4,     Hong Kong   ,2011-01-24,    Clothes  ,          Hats,24,1,2011,14,Afternoon
571652,1.25,30.0,24,     Hong Kong   ,2011-10-18,  Household  ,         Lamps,18,10,2011,12,Afternoon
553148,2.1,12.6,6,     Hong Kong   ,2011-05-13,  Household  ,      Curtains,13,5,2011,14,Afternoon
564087,1.65,19.8,12,     Hong Kong   ,2011-08-23,     Garden  ,         Hoses,23,8,2011,9,Morning
564087,1.25,12.5,10,     Hong Kong   ,2011-08-23,  Household  ,      Curtains,23,8,2011,9,Morning
553148,0.55,13.2,24,     Hong Kong   ,2011-05-13,     Garden  ,         Hoses,13,5,2011,14,Afternoon
553148,0.85,10.2,12,     Hong Kong   ,2011-05-13,    Kitchen  ,        Scales,13,5,2011,14,Afternoon
553148,3.95,31.6,8,     Hong Kong   ,2011-05-13,     Garden  ,         Rakes,13,5,2011,14,Afternoon
549738,1.95,15.6,8,     Hong Kong   ,2011-12-04,    Clothes  ,         Shoes,4,12,2011,9,Morning
553148,0.85,8.5,10,     Hong Kong   ,2011-05-13,    Kitchen  ,      Coasters,13,5,2011,14,Afternoon
553148,0.85,8.5,10,     Hong Kong   ,2011-05-13,    Clothes  ,          Hats,13,5,2011,14,Afternoon
571652,1.95,11.7,6,     Hong Kong   ,2011-10-18,    Clothes  ,         Shoes,18,10,2011,12,Afternoon
553148,1.65,16.5,10,     Hong Kong   ,2011-05-13,    Kitchen  ,         Bowls,13,5,2011,14,Afternoon
564087,2.95,53.1,18,     Hong Kong   ,2011-08-23,  Household  ,         Lamps,23,8,2011,9,Morning
557675,15.0,15.0,1,     Hong Kong   ,2011-06-22,     Garden  ,         Rakes,22,6,2011,10,Morning
553148,3.25,19.5,6,     Hong Kong   ,2011-05-13,  Household  ,          Rugs,13,5,2011,14,Afternoon
553148,2.55,15.3,6,     Hong Kong   ,2011-05-13,     Garden  ,         Seeds,13,5,2011,14,Afternoon
541975,3.75,90.0,24,     Hong Kong   ,2011-01-24,    Clothes  ,         Shoes,24,1,2011,14,Afternoon
541975,4.95,19.8,4,     Hong Kong   ,2011-01-24,    Clothes  ,          Tops,24,1,2011,14,Afternoon
549738,1.25,12.5,10,     Hong Kong   ,2011-12-04,     Garden  ,         Hoses,4,12,2011,9,Morning
564087,8.25,66.0,8,     Hong Kong   ,2011-08-23,     Garden  ,         Hoses,23,8,2011,9,Morning
564087,1.25,20.0,16,     Hong Kong   ,2011-08-23,    Clothes  ,          Tops,23,8,2011,9,Morning
553148,0.55,13.2,24,     Hong Kong   ,2011-05-13,     Garden  ,         Hoses,13,5,2011,14,Afternoon
564087,4.95,29.7,6,     Hong Kong   ,2011-08-23,     Garden  ,         Rakes,23,8,2011,9,Morning
564087,1.25,20.0,16,     Hong Kong   ,2011-08-23,    Clothes  ,          Tops,23,8,2011,9,Morning
